{
    "R": [
        [
            0.1656794936,
            0.0336560618,
            -0.9856051821
        ],
        [
            -0.09224101321,
            0.9955650135,
            0.01849052095
        ],
        [
            0.9818563545,
            0.08784972047,
            0.1680491765
        ]
    ],
    "t": [
        [
            17.76193366
        ],
        [
            126.741365
        ],
        [
            286.3860507
        ]
    ]
}